ruleName,original,deposit_2,deposit_3,deposit_0,deposit_1,fund_management_4,fund_management_3,fund_management_0,fund_management_2,fund_management_1,pool_2,pool_4,pool_3,pool_0,pool_1,user_0,user_1,user_2,user_3,withdraw_2,withdraw_1,withdraw_0,withdraw_3
state_trans_pb_q4w_consistency_execute_deposit,UNCAUGHT,UNCAUGHT,UNCAUGHT,UNCAUGHT,UNCAUGHT,UNCAUGHT,UNCAUGHT,UNCAUGHT,UNCAUGHT,UNCAUGHT,UNCAUGHT,UNCAUGHT,UNCAUGHT,UNCAUGHT,UNCAUGHT,UNCAUGHT,UNCAUGHT,UNCAUGHT,UNCAUGHT,UNCAUGHT,UNCAUGHT,UNCAUGHT,UNCAUGHT
state_trans_pb_q4w_consistency_execute_dequeue_withdrawal,UNCAUGHT,UNCAUGHT,UNCAUGHT,UNCAUGHT,UNCAUGHT,UNCAUGHT,UNCAUGHT,UNCAUGHT,UNCAUGHT,UNCAUGHT,UNCAUGHT,UNCAUGHT,UNCAUGHT,UNCAUGHT,UNCAUGHT,UNCAUGHT,UNCAUGHT,UNCAUGHT,UNCAUGHT,UNCAUGHT,UNCAUGHT,UNCAUGHT,UNCAUGHT
state_trans_pb_q4w_consistency_execute_donate,UNCAUGHT,UNCAUGHT,UNCAUGHT,UNCAUGHT,UNCAUGHT,UNCAUGHT,UNCAUGHT,UNCAUGHT,UNCAUGHT,UNCAUGHT,UNCAUGHT,UNCAUGHT,UNCAUGHT,UNCAUGHT,UNCAUGHT,UNCAUGHT,UNCAUGHT,UNCAUGHT,UNCAUGHT,UNCAUGHT,UNCAUGHT,UNCAUGHT,UNCAUGHT
state_trans_pb_q4w_consistency_execute_draw,UNCAUGHT,UNCAUGHT,UNCAUGHT,UNCAUGHT,UNCAUGHT,UNCAUGHT,UNCAUGHT,UNCAUGHT,UNCAUGHT,UNCAUGHT,UNCAUGHT,UNCAUGHT,UNCAUGHT,UNCAUGHT,UNCAUGHT,UNCAUGHT,UNCAUGHT,UNCAUGHT,UNCAUGHT,UNCAUGHT,UNCAUGHT,UNCAUGHT,UNCAUGHT
state_trans_pb_q4w_consistency_execute_queue_withdrawal,CAUGHT,CAUGHT,CAUGHT,CAUGHT,CAUGHT,CAUGHT,CAUGHT,CAUGHT,CAUGHT,CAUGHT,CAUGHT,UNCAUGHT,CAUGHT,CAUGHT,CAUGHT,CAUGHT,CAUGHT,CAUGHT,CAUGHT,CAUGHT,CAUGHT,CAUGHT,CAUGHT
state_trans_pb_q4w_consistency_execute_withdraw,UNCAUGHT,UNCAUGHT,UNCAUGHT,UNCAUGHT,UNCAUGHT,UNCAUGHT,UNCAUGHT,UNCAUGHT,UNCAUGHT,UNCAUGHT,UNCAUGHT,UNCAUGHT,UNCAUGHT,UNCAUGHT,UNCAUGHT,UNCAUGHT,UNCAUGHT,UNCAUGHT,UNCAUGHT,UNCAUGHT,UNCAUGHT,UNCAUGHT,UNCAUGHT
state_trans_pb_shares_tokens_directional_change_execute_deposit,UNCAUGHT,UNCAUGHT,CAUGHT,UNCAUGHT,UNCAUGHT,UNCAUGHT,UNCAUGHT,UNCAUGHT,UNCAUGHT,UNCAUGHT,UNCAUGHT,UNCAUGHT,CAUGHT,UNCAUGHT,UNCAUGHT,UNCAUGHT,UNCAUGHT,UNCAUGHT,UNCAUGHT,UNCAUGHT,UNCAUGHT,UNCAUGHT,UNCAUGHT
state_trans_pb_shares_tokens_directional_change_execute_dequeue_withdrawal,UNCAUGHT,UNCAUGHT,UNCAUGHT,UNCAUGHT,UNCAUGHT,UNCAUGHT,UNCAUGHT,UNCAUGHT,UNCAUGHT,UNCAUGHT,UNCAUGHT,UNCAUGHT,UNCAUGHT,UNCAUGHT,UNCAUGHT,UNCAUGHT,UNCAUGHT,UNCAUGHT,UNCAUGHT,UNCAUGHT,UNCAUGHT,UNCAUGHT,UNCAUGHT
state_trans_pb_shares_tokens_directional_change_execute_donate,UNCAUGHT,UNCAUGHT,UNCAUGHT,UNCAUGHT,UNCAUGHT,UNCAUGHT,UNCAUGHT,UNCAUGHT,UNCAUGHT,UNCAUGHT,UNCAUGHT,UNCAUGHT,UNCAUGHT,UNCAUGHT,UNCAUGHT,UNCAUGHT,UNCAUGHT,UNCAUGHT,UNCAUGHT,UNCAUGHT,UNCAUGHT,UNCAUGHT,UNCAUGHT
state_trans_pb_shares_tokens_directional_change_execute_draw,UNCAUGHT,UNCAUGHT,UNCAUGHT,UNCAUGHT,UNCAUGHT,UNCAUGHT,UNCAUGHT,UNCAUGHT,UNCAUGHT,UNCAUGHT,UNCAUGHT,UNCAUGHT,UNCAUGHT,UNCAUGHT,UNCAUGHT,UNCAUGHT,UNCAUGHT,UNCAUGHT,UNCAUGHT,UNCAUGHT,UNCAUGHT,UNCAUGHT,UNCAUGHT
state_trans_pb_shares_tokens_directional_change_execute_queue_withdrawal,UNCAUGHT,UNCAUGHT,UNCAUGHT,UNCAUGHT,UNCAUGHT,UNCAUGHT,UNCAUGHT,UNCAUGHT,UNCAUGHT,UNCAUGHT,UNCAUGHT,UNCAUGHT,UNCAUGHT,UNCAUGHT,UNCAUGHT,UNCAUGHT,UNCAUGHT,UNCAUGHT,UNCAUGHT,UNCAUGHT,UNCAUGHT,UNCAUGHT,UNCAUGHT
state_trans_pb_shares_tokens_directional_change_execute_withdraw,UNCAUGHT,UNCAUGHT,UNCAUGHT,UNCAUGHT,UNCAUGHT,UNCAUGHT,UNCAUGHT,UNCAUGHT,UNCAUGHT,UNCAUGHT,UNCAUGHT,UNCAUGHT,UNCAUGHT,CAUGHT,UNCAUGHT,UNCAUGHT,UNCAUGHT,UNCAUGHT,UNCAUGHT,UNCAUGHT,UNCAUGHT,UNCAUGHT,UNCAUGHT
state_trans_ub_q4w_amount_consistency_execute_deposit,UNCAUGHT,UNCAUGHT,UNCAUGHT,UNCAUGHT,UNCAUGHT,UNCAUGHT,UNCAUGHT,UNCAUGHT,UNCAUGHT,UNCAUGHT,UNCAUGHT,UNCAUGHT,UNCAUGHT,UNCAUGHT,UNCAUGHT,UNCAUGHT,UNCAUGHT,UNCAUGHT,UNCAUGHT,UNCAUGHT,UNCAUGHT,UNCAUGHT,UNCAUGHT
state_trans_ub_q4w_amount_consistency_execute_dequeue_withdrawal,UNCAUGHT,UNCAUGHT,UNCAUGHT,UNCAUGHT,UNCAUGHT,UNCAUGHT,UNCAUGHT,UNCAUGHT,UNCAUGHT,UNCAUGHT,UNCAUGHT,UNCAUGHT,UNCAUGHT,UNCAUGHT,UNCAUGHT,UNCAUGHT,UNCAUGHT,UNCAUGHT,UNCAUGHT,UNCAUGHT,UNCAUGHT,UNCAUGHT,UNCAUGHT
state_trans_ub_q4w_amount_consistency_execute_donate,UNCAUGHT,UNCAUGHT,UNCAUGHT,UNCAUGHT,UNCAUGHT,UNCAUGHT,UNCAUGHT,UNCAUGHT,UNCAUGHT,UNCAUGHT,UNCAUGHT,UNCAUGHT,UNCAUGHT,UNCAUGHT,UNCAUGHT,UNCAUGHT,UNCAUGHT,UNCAUGHT,UNCAUGHT,UNCAUGHT,UNCAUGHT,UNCAUGHT,UNCAUGHT
state_trans_ub_q4w_amount_consistency_execute_draw,UNCAUGHT,UNCAUGHT,UNCAUGHT,UNCAUGHT,UNCAUGHT,UNCAUGHT,UNCAUGHT,UNCAUGHT,UNCAUGHT,UNCAUGHT,UNCAUGHT,UNCAUGHT,UNCAUGHT,UNCAUGHT,UNCAUGHT,UNCAUGHT,UNCAUGHT,UNCAUGHT,UNCAUGHT,UNCAUGHT,UNCAUGHT,UNCAUGHT,UNCAUGHT
state_trans_ub_q4w_amount_consistency_execute_queue_withdrawal,CAUGHT,CAUGHT,CAUGHT,CAUGHT,CAUGHT,CAUGHT,CAUGHT,CAUGHT,CAUGHT,CAUGHT,CAUGHT,CAUGHT,CAUGHT,CAUGHT,CAUGHT,CAUGHT,CAUGHT,CAUGHT,CAUGHT,CAUGHT,UNCAUGHT,CAUGHT,CAUGHT
state_trans_ub_q4w_amount_consistency_execute_withdraw,CAUGHT,UNCAUGHT,UNCAUGHT,UNCAUGHT,UNCAUGHT,UNCAUGHT,UNCAUGHT,UNCAUGHT,UNCAUGHT,UNCAUGHT,CAUGHT,UNCAUGHT,UNCAUGHT,UNCAUGHT,CAUGHT,CAUGHT,CAUGHT,CAUGHT,CAUGHT,CAUGHT,CAUGHT,CAUGHT,CAUGHT
state_trans_ub_shares_decrease_consistency_execute_deposit,UNCAUGHT,UNCAUGHT,UNCAUGHT,UNCAUGHT,UNCAUGHT,UNCAUGHT,UNCAUGHT,UNCAUGHT,UNCAUGHT,UNCAUGHT,UNCAUGHT,UNCAUGHT,UNCAUGHT,UNCAUGHT,UNCAUGHT,UNCAUGHT,UNCAUGHT,UNCAUGHT,UNCAUGHT,UNCAUGHT,UNCAUGHT,UNCAUGHT,UNCAUGHT
state_trans_ub_shares_decrease_consistency_execute_dequeue_withdrawal,UNCAUGHT,UNCAUGHT,UNCAUGHT,UNCAUGHT,UNCAUGHT,UNCAUGHT,UNCAUGHT,UNCAUGHT,UNCAUGHT,UNCAUGHT,UNCAUGHT,UNCAUGHT,UNCAUGHT,UNCAUGHT,UNCAUGHT,UNCAUGHT,UNCAUGHT,UNCAUGHT,UNCAUGHT,UNCAUGHT,UNCAUGHT,UNCAUGHT,UNCAUGHT
state_trans_ub_shares_decrease_consistency_execute_donate,UNCAUGHT,UNCAUGHT,UNCAUGHT,UNCAUGHT,UNCAUGHT,UNCAUGHT,UNCAUGHT,UNCAUGHT,UNCAUGHT,UNCAUGHT,UNCAUGHT,UNCAUGHT,UNCAUGHT,UNCAUGHT,UNCAUGHT,UNCAUGHT,UNCAUGHT,UNCAUGHT,UNCAUGHT,UNCAUGHT,UNCAUGHT,UNCAUGHT,UNCAUGHT
state_trans_ub_shares_decrease_consistency_execute_draw,UNCAUGHT,UNCAUGHT,UNCAUGHT,UNCAUGHT,UNCAUGHT,UNCAUGHT,UNCAUGHT,UNCAUGHT,UNCAUGHT,UNCAUGHT,UNCAUGHT,UNCAUGHT,UNCAUGHT,UNCAUGHT,UNCAUGHT,UNCAUGHT,UNCAUGHT,UNCAUGHT,UNCAUGHT,UNCAUGHT,UNCAUGHT,UNCAUGHT,UNCAUGHT
state_trans_ub_shares_decrease_consistency_execute_queue_withdrawal,CAUGHT,CAUGHT,CAUGHT,CAUGHT,CAUGHT,CAUGHT,CAUGHT,CAUGHT,CAUGHT,CAUGHT,CAUGHT,CAUGHT,CAUGHT,CAUGHT,CAUGHT,CAUGHT,UNCAUGHT,CAUGHT,CAUGHT,CAUGHT,UNCAUGHT,CAUGHT,CAUGHT
state_trans_ub_shares_decrease_consistency_execute_withdraw,UNCAUGHT,UNCAUGHT,UNCAUGHT,UNCAUGHT,UNCAUGHT,UNCAUGHT,UNCAUGHT,UNCAUGHT,UNCAUGHT,UNCAUGHT,UNCAUGHT,UNCAUGHT,UNCAUGHT,UNCAUGHT,UNCAUGHT,UNCAUGHT,UNCAUGHT,UNCAUGHT,UNCAUGHT,UNCAUGHT,UNCAUGHT,UNCAUGHT,UNCAUGHT
state_trans_ub_shares_increase_consistency_execute_deposit,UNCAUGHT,UNCAUGHT,UNCAUGHT,UNCAUGHT,UNCAUGHT,UNCAUGHT,UNCAUGHT,UNCAUGHT,UNCAUGHT,UNCAUGHT,UNCAUGHT,UNCAUGHT,UNCAUGHT,UNCAUGHT,UNCAUGHT,UNCAUGHT,UNCAUGHT,UNCAUGHT,UNCAUGHT,UNCAUGHT,UNCAUGHT,UNCAUGHT,UNCAUGHT
state_trans_ub_shares_increase_consistency_execute_dequeue_withdrawal,UNCAUGHT,UNCAUGHT,UNCAUGHT,UNCAUGHT,UNCAUGHT,UNCAUGHT,UNCAUGHT,UNCAUGHT,UNCAUGHT,UNCAUGHT,UNCAUGHT,UNCAUGHT,UNCAUGHT,UNCAUGHT,UNCAUGHT,UNCAUGHT,UNCAUGHT,UNCAUGHT,UNCAUGHT,UNCAUGHT,UNCAUGHT,UNCAUGHT,UNCAUGHT
state_trans_ub_shares_increase_consistency_execute_donate,UNCAUGHT,UNCAUGHT,UNCAUGHT,UNCAUGHT,UNCAUGHT,UNCAUGHT,UNCAUGHT,UNCAUGHT,UNCAUGHT,UNCAUGHT,UNCAUGHT,UNCAUGHT,UNCAUGHT,UNCAUGHT,UNCAUGHT,UNCAUGHT,UNCAUGHT,UNCAUGHT,UNCAUGHT,UNCAUGHT,UNCAUGHT,UNCAUGHT,UNCAUGHT
state_trans_ub_shares_increase_consistency_execute_draw,UNCAUGHT,UNCAUGHT,UNCAUGHT,UNCAUGHT,UNCAUGHT,UNCAUGHT,UNCAUGHT,UNCAUGHT,UNCAUGHT,UNCAUGHT,UNCAUGHT,UNCAUGHT,UNCAUGHT,UNCAUGHT,UNCAUGHT,UNCAUGHT,UNCAUGHT,UNCAUGHT,UNCAUGHT,UNCAUGHT,UNCAUGHT,UNCAUGHT,UNCAUGHT
state_trans_ub_shares_increase_consistency_execute_queue_withdrawal,UNCAUGHT,UNCAUGHT,UNCAUGHT,UNCAUGHT,UNCAUGHT,UNCAUGHT,UNCAUGHT,UNCAUGHT,UNCAUGHT,UNCAUGHT,UNCAUGHT,UNCAUGHT,UNCAUGHT,UNCAUGHT,UNCAUGHT,UNCAUGHT,CAUGHT,UNCAUGHT,UNCAUGHT,UNCAUGHT,UNCAUGHT,UNCAUGHT,UNCAUGHT
state_trans_ub_shares_increase_consistency_execute_withdraw,UNCAUGHT,UNCAUGHT,UNCAUGHT,UNCAUGHT,UNCAUGHT,UNCAUGHT,UNCAUGHT,UNCAUGHT,UNCAUGHT,UNCAUGHT,UNCAUGHT,UNCAUGHT,UNCAUGHT,UNCAUGHT,UNCAUGHT,UNCAUGHT,UNCAUGHT,UNCAUGHT,UNCAUGHT,UNCAUGHT,UNCAUGHT,UNCAUGHT,UNCAUGHT
